{"blue":[[[41.97767,-87.90423],[41.98043,-87.9013],[41.98126,-87.90058],[41.98164,-87.89995],[41.98182,-87.89917],[41.98175,-87.89714],[41.98148,-87.89602],[41.97763,-87.89149],[41.97716,-87.89032],[41.97705,-87.88875],[41.97738,-87.88748],[41.98278,-87.87435],[41.98307,-87.87318],[41.9832,-87.87194],[41.98399,-87.84478],[41.98458,-87.83116],[41.98444,-87.82685],[41.9839,-87.8218],[41.98345,-87.81861],[41.98254,-87.8147],[41.98232,-87.81304],[41.98251,-87.78599],[41.98238,-87.78469],[41.98213,-87.78365],[41.98165,-87.78253],[41.97217,-87.76572],[41.97162,-87.7643],[41.97089,-87.7615],[41.97031,-87.76013],[41.96646,-87.75333],[41.96478,-87.75086],[41.9642,-87.74976],[41.96374,-87.7487],[41.96257,-87.74526],[41.96186,-87.7441],[41.96029,-87.74215],[41.95941,-87.74075],[41.94944,-87.72302],[41.94785,-87.71972],[41.94695,-87.71868],[41.9438,-87.71681],[41.94301,-87.71617],[41.94214,-87.71503],[41.9411,-87.713],[41.94047,-87.71249],[41.93243,-87.7122],[41.93208,-87.71215],[41.93183,-87.71193],[41.92834,-87.7064],[41.92627,-87.70396],[41.91617,-87.68737],[41.90561,-87.67104],[41.90441,-87.66828],[41.90336,-87.6665],[41.88998,-87.64572],[41.8858,-87.63994],[41.88571,-87.63945],[41.88575,-87.62982],[41.88564,-87.62953],[41.88547,-87.62947],[41.87598,-87.62923],[41.87575,-87.62929],[41.87562,-87.6297],[41.87547,-87.6518],[41.87591,-87.65787],[41.87539,-87.69831],[41.87518,-87.70082],[41.87414,-87.70826],[41.87378,-87.73319],[41.87339,-87.73504],[41.87215,-87.73788],[41.87175,-87.73977],[41.87142,-87.75892],[41.87127,-87.75979],[41.87024,-87.76238],[41.87005,-87.76385],[41.87131,-87.78252],[41.87385,-87.81045],[41.87359,-87.81371],[41.87404,-87.81502],[41.87427,-87.81732]]],"brn":[[[41.96794,-87.71315],[41.9663,-87.71309],[41.96605,-87.71269],[41.96643,-87.67767],[41.96624,-87.67639],[41.9658,-87.6757],[41.96492,-87.67523],[41.94514,-87.67467],[41.94424,-87.6743],[41.94387,-87.67368],[41.94369,-87.67264],[41.94395,-87.65522],[41.94375,-87.65442],[41.94343,-87.65401],[41.94269,-87.65356],[41.94218,-87.65346],[41.91377,-87.65243],[41.9134,-87.65208],[41.91172,-87.64972],[41.91153,-87.64921],[41.91152,-87.64792],[41.91139,-87.64756],[41.91062,-87.64734],[41.91037,-87.64697],[41.91043,-87.63814],[41.91035,-87.63772],[41.91012,-87.63737],[41.90952,-87.63726],[41.90335,-87.63701],[41.90236,-87.63646],[41.9012,-87.63671],[41.89738,-87.63655],[41.89646,-87.63569],[41.89052,-87.63553],[41.89013,-87.63533],[41.8898,-87.63425],[41.88943,-87.634],[41.87707,-87.6337],[41.87685,-87.63338],[41.87697,-87.62604],[41.88563,-87.62627],[41.88575,-87.62662],[41.88573,-87.63392],[41.88953,-87.63403],[41.8898,-87.63425],[41.89008,-87.63525],[41.89031,-87.63549],[41.89646,-87.63569],[41.89738,-87.63655],[41.9012,-87.63671],[41.90236,-87.63646],[41.90335,-87.63701],[41.90952,-87.63726],[41.91012,-87.63737],[41.91035,-87.63772],[41.91043,-87.63814],[41.91037,-87.64697],[41.91062,-87.64734],[41.91139,-87.64756],[41.91152,-87.64792],[41.91153,-87.64921],[41.91172,-87.64972],[41.9134,-87.65208],[41.91377,-87.65243],[41.94218,-87.65346],[41.94269,-87.65356],[41.94343,-87.65401],[41.94375,-87.65442],[41.94395,-87.65522],[41.94369,-87.67264],[41.94387,-87.67368],[41.94424,-87.6743],[41.94514,-87.67467],[41.96492,-87.67523],[41.9658,-87.6757],[41.96624,-87.67639],[41.96643,-87.67767],[41.96605,-87.71269],[41.9663,-87.71309],[41.96794,-87.71315]]],"g":[[[41.88686,-87.80318],[41.8872,-87.78248],[41.88745,-87.76078],[41.88751,-87.75782],[41.88742,-87.75678],[41.88718,-87.75532],[41.88705,-87.75327],[41.8869,-87.75036],[41.88628,-87.74055],[41.88447,-87.70858],[41.88403,-87.70132],[41.88414,-87.69787],[41.88423,-87.69624],[41.88521,-87.67082],[41.88539,-87.66415],[41.88571,-87.64395],[41.88575,-87.62662],[41.88573,-87.62643],[41.88567,-87.62631],[41.88558,-87.62626],[41.8757,-87.62598],[41.87527,-87.62602],[41.87491,-87.62623],[41.87459,-87.62652],[41.87433,-87.62669],[41.8741,-87.62678],[41.8739,-87.62681],[41.86998,-87.62672],[41.86741,-87.6266],[41.86017,-87.62648],[41.85877,-87.62642],[41.85808,-87.62649],[41.85333,-87.62641],[41.82247,-87.62567],[41.82216,-87.62564],[41.82199,-87.62555],[41.82192,-87.62548],[41.82179,-87.62517],[41.82176,-87.62481],[41.82183,-87.61975],[41.82176,-87.61948],[41.82168,-87.61936],[41.82148,-87.6192],[41.82134,-87.61917],[41.80676,-87.61877],[41.80622,-87.61864],[41.8058,-87.61861],[41.80393,-87.61859],[41.8021,-87.61851],[41.79933,-87.61846],[41.78931,-87.61815],[41.78897,-87.61818],[41.78748,-87.61815],[41.7873,-87.61818],[41.78712,-87.61833],[41.78705,-87.61844],[41.78698,-87.61874],[41.7869,-87.62471],[41.78691,-87.62571],[41.78683,-87.62942],[41.78676,-87.63122],[41.78667,-87.63157],[41.7866,-87.6317],[41.78642,-87.63191],[41.78626,-87.63201],[41.78614,-87.63204],[41.78574,-87.63202],[41.7833,-87.63206],[41.78046,-87.63202],[41.78036,-87.63206],[41.7802,-87.63219],[41.77949,-87.6331],[41.77935,-87.63338],[41.77931,-87.63354],[41.77915,-87.63565],[41.77909,-87.6396],[41.77904,-87.64541],[41.77922,-87.64639],[41.77908,-87.6571],[41.77896,-87.66385]],[[41.88686,-87.80318],[41.88692,-87.79993],[41.88698,-87.7945],[41.8872,-87.78248],[41.88734,-87.7719],[41.88739,-87.76514],[41.88745,-87.7626],[41.88745,-87.76078],[41.88751,-87.75782],[41.88748,-87.75727],[41.88742,-87.75678],[41.88718,-87.75532],[41.88705,-87.75327],[41.8869,-87.75036],[41.8866,-87.74547],[41.88653,-87.7447],[41.88628,-87.74055],[41.88447,-87.70858],[41.88403,-87.70132],[41.88414,-87.69787],[41.88423,-87.69624],[41.88511,-87.67309],[41.88521,-87.67082],[41.88539,-87.66415],[41.88554,-87.65559],[41.88571,-87.64395],[41.88575,-87.62784],[41.88575,-87.62662],[41.88573,-87.62643],[41.8857,-87.62635],[41.88563,-87.62627],[41.88558,-87.62626],[41.87697,-87.62604],[41.8757,-87.62598],[41.87527,-87.62602],[41.87491,-87.62623],[41.87459,-87.62652],[41.87433,-87.62669],[41.8741,-87.62678],[41.8739,-87.62681],[41.86998,-87.62672],[41.86741,-87.6266],[41.86017,-87.62648],[41.85877,-87.62642],[41.85808,-87.62649],[41.85333,-87.62641],[41.82247,-87.62567],[41.82216,-87.62564],[41.82199,-87.62555],[41.82192,-87.62548],[41.82179,-87.62517],[41.82176,-87.62481],[41.82185,-87.62003],[41.82183,-87.61975],[41.82176,-87.61948],[41.82168,-87.61936],[41.82159,-87.61927],[41.82148,-87.6192],[41.82134,-87.61917],[41.80676,-87.61877],[41.80622,-87.61864],[41.8058,-87.61861],[41.80393,-87.61859],[41.8021,-87.61851],[41.79933,-87.61846],[41.79704,-87.61837],[41.79154,-87.61823],[41.78931,-87.61815],[41.78897,-87.61818],[41.78748,-87.61815],[41.78477,-87.61802],[41.78036,-87.61794],[41.78023,-87.61791],[41.78015,-87.61782],[41.78008,-87.61769],[41.78006,-87.61751],[41.7801,-87.61709],[41.78014,-87.61555],[41.78018,-87.61229],[41.78025,-87.60971],[41.78032,-87.60586]]],